[{"pk": 117, "model": "schools.school", "fields": {"emis_id": "", "name": "Aic Lokichoggio Girls Pri Sch", "location": 68}}, {"pk": 118, "model": "schools.school", "fields": {"emis_id": "", "name": "Aic Lokichoggio Mixed Pri Sch", "location": 68}}, {"pk": 119, "model": "schools.school", "fields": {"emis_id": "", "name": "Aic Lomil Pri Sch", "location": 589}}, {"pk": 120, "model": "schools.school", "fields": {"emis_id": "", "name": "Aic Lopiding Pri Sch", "location": 68}}, {"pk": 121, "model": "schools.school", "fields": {"emis_id": "", "name": "Aic Lopur Pri Sch", "location": 583}}, {"pk": 122, "model": "schools.school", "fields": {"emis_id": "", "name": "Aic Nakuluja Academy Pri Sch", "location": 68}}, {"pk": 123, "model": "schools.school", "fields": {"emis_id": "", "name": "Aic Napuu Pri Sch", "location": 68}}, {"pk": 124, "model": "schools.school", "fields": {"emis_id": "", "name": "Angelina Jolie Girls Pri Sch", "location": 583}}, {"pk": 125, "model": "schools.school", "fields": {"emis_id": "", "name": "Arumrum Pri", "location": 584}}, {"pk": 126, "model": "schools.school", "fields": {"emis_id": "", "name": "Bhar-el-naam Girls Pri Sch", "location": 583}}, {"pk": 127, "model": "schools.school", "fields": {"emis_id": "", "name": "Bishop Mahon Pri Sch", "location": 68}}, {"pk": 128, "model": "schools.school", "fields": {"emis_id": "", "name": "Bright Sch Pri", "location": 68}}, {"pk": 129, "model": "schools.school", "fields": {"emis_id": "", "name": "Burma Pri Sch", "location": 583}}, {"pk": 130, "model": "schools.school", "fields": {"emis_id": "", "name": "Chabaa Pri Sch", "location": 587}}, {"pk": 131, "model": "schools.school", "fields": {"emis_id": "", "name": "Comboni Girls Boarding Sch", "location": 68}}, {"pk": 132, "model": "schools.school", "fields": {"emis_id": "", "name": "Cosmas Napopongoit Pri Sch", "location": 68}}, {"pk": 133, "model": "schools.school", "fields": {"emis_id": "", "name": "Cush Pri Sch", "location": 583}}, {"pk": 134, "model": "schools.school", "fields": {"emis_id": "", "name": "Echami Learning Center Pri", "location": 583}}, {"pk": 135, "model": "schools.school", "fields": {"emis_id": "", "name": "Elelea Pri", "location": 588}}, {"pk": 136, "model": "schools.school", "fields": {"emis_id": "", "name": "Erait Academy Pri", "location": 68}}, {"pk": 137, "model": "schools.school", "fields": {"emis_id": "", "name": "Faith Homes Pri Sch", "location": 582}}, {"pk": 138, "model": "schools.school", "fields": {"emis_id": "", "name": "Fashoda Refugee Camp Pri Sch", "location": 583}}, {"pk": 139, "model": "schools.school", "fields": {"emis_id": "", "name": "Fuji Academy Pri", "location": 583}}, {"pk": 140, "model": "schools.school", "fields": {"emis_id": "", "name": "Global Seed Academy Pri", "location": 68}}, {"pk": 141, "model": "schools.school", "fields": {"emis_id": "", "name": "Horseed Pri Sch", "location": 583}}, {"pk": 142, "model": "schools.school", "fields": {"emis_id": "", "name": "Iile Pri Sch", "location": 582}}, {"pk": 143, "model": "schools.school", "fields": {"emis_id": "", "name": "Imatong Pri Sch", "location": 583}}, {"pk": 144, "model": "schools.school", "fields": {"emis_id": "", "name": "Jebel Marra Pri Sch", "location": 583}}, {"pk": 145, "model": "schools.school", "fields": {"emis_id": "", "name": "Juba Girls Pri Sch", "location": 583}}, {"pk": 146, "model": "schools.school", "fields": {"emis_id": "", "name": "Juluk Pri", "location": 68}}, {"pk": 147, "model": "schools.school", "fields": {"emis_id": "", "name": "Kaaling Pri Sch", "location": 68}}, {"pk": 148, "model": "schools.school", "fields": {"emis_id": "", "name": "Kaaruko Pri", "location": 588}}, {"pk": 149, "model": "schools.school", "fields": {"emis_id": "", "name": "Kabulukorn Pri", "location": 589}}, {"pk": 150, "model": "schools.school", "fields": {"emis_id": "", "name": "Kachaimeri Pri Sch", "location": 589}}, {"pk": 151, "model": "schools.school", "fields": {"emis_id": "", "name": "Kachoda Pri Sch", "location": 587}}, {"pk": 152, "model": "schools.school", "fields": {"emis_id": "", "name": "Kaduguli Pri Sch", "location": 583}}, {"pk": 153, "model": "schools.school", "fields": {"emis_id": "", "name": "Kaeris Pri Sch", "location": 68}}, {"pk": 154, "model": "schools.school", "fields": {"emis_id": "", "name": "Kainuk Girls Pri", "location": 68}}, {"pk": 155, "model": "schools.school", "fields": {"emis_id": "", "name": "Kainuk Mixed Pri", "location": 68}}, {"pk": 156, "model": "schools.school", "fields": {"emis_id": "", "name": "Kaitese Pri Sch", "location": 589}}, {"pk": 157, "model": "schools.school", "fields": {"emis_id": "", "name": "Kakemera Pri Sch", "location": 68}}, {"pk": 158, "model": "schools.school", "fields": {"emis_id": "", "name": "Kakimat Pri", "location": 68}}, {"pk": 159, "model": "schools.school", "fields": {"emis_id": "", "name": "Kakong Pri", "location": 68}}, {"pk": 160, "model": "schools.school", "fields": {"emis_id": "", "name": "Kakuma Arid Zone Pri Sch", "location": 583}}, {"pk": 161, "model": "schools.school", "fields": {"emis_id": "", "name": "Kakuma Girls Pri Sch", "location": 583}}, {"pk": 162, "model": "schools.school", "fields": {"emis_id": "", "name": "Kakuma Mixed Pri Sch", "location": 583}}, {"pk": 163, "model": "schools.school", "fields": {"emis_id": "", "name": "Kakuma Muslim Academy Pri Sch", "location": 583}}, {"pk": 164, "model": "schools.school", "fields": {"emis_id": "", "name": "Kakwanyang Pri Sch", "location": 68}}, {"pk": 165, "model": "schools.school", "fields": {"emis_id": "", "name": "Kalapata Pri", "location": 68}}, {"pk": 166, "model": "schools.school", "fields": {"emis_id": "", "name": "Kalemungorok Pri", "location": 584}}, {"pk": 167, "model": "schools.school", "fields": {"emis_id": "", "name": "Kalemunyang Pri", "location": 589}}, {"pk": 168, "model": "schools.school", "fields": {"emis_id": "", "name": "Kalimapus Pri Sch", "location": 582}}, {"pk": 169, "model": "schools.school", "fields": {"emis_id": "", "name": "Kalobeyei Pri Sch", "location": 68}}, {"pk": 170, "model": "schools.school", "fields": {"emis_id": "", "name": "Kalokol Girls Pri Sch", "location": 582}}, {"pk": 171, "model": "schools.school", "fields": {"emis_id": "", "name": "Kalokol Mixed Pri Sch", "location": 582}}, {"pk": 172, "model": "schools.school", "fields": {"emis_id": "", "name": "Kalomegur Pri Sch", "location": 589}}, {"pk": 173, "model": "schools.school", "fields": {"emis_id": "", "name": "Kanakemer Pri Sch", "location": 68}}, {"pk": 174, "model": "schools.school", "fields": {"emis_id": "", "name": "Kanaodon Pri", "location": 584}}, {"pk": 175, "model": "schools.school", "fields": {"emis_id": "", "name": "Kangakipur Pri", "location": 68}}, {"pk": 176, "model": "schools.school", "fields": {"emis_id": "", "name": "Kangalita Pri", "location": 589}}, {"pk": 177, "model": "schools.school", "fields": {"emis_id": "", "name": "Kangatotha Pri Sch", "location": 582}}, {"pk": 178, "model": "schools.school", "fields": {"emis_id": "", "name": "Kangegetei Pri Sch", "location": 582}}, {"pk": 179, "model": "schools.school", "fields": {"emis_id": "", "name": "Kangirisae Pri", "location": 68}}, {"pk": 180, "model": "schools.school", "fields": {"emis_id": "", "name": "Kanukurudio Mixed Pri Sch", "location": 68}}, {"pk": 181, "model": "schools.school", "fields": {"emis_id": "", "name": "Kapelibok Pri", "location": 68}}, {"pk": 182, "model": "schools.school", "fields": {"emis_id": "", "name": "Kapese Pri", "location": 68}}, {"pk": 183, "model": "schools.school", "fields": {"emis_id": "", "name": "Kapua Pri Sch", "location": 582}}, {"pk": 184, "model": "schools.school", "fields": {"emis_id": "", "name": "Kaputir Pri", "location": 68}}, {"pk": 185, "model": "schools.school", "fields": {"emis_id": "", "name": "Kasuroi Pri", "location": 68}}, {"pk": 186, "model": "schools.school", "fields": {"emis_id": "", "name": "Katilia Pri", "location": 588}}, {"pk": 187, "model": "schools.school", "fields": {"emis_id": "", "name": "Katilu Mixed Boarding Pri", "location": 584}}, {"pk": 188, "model": "schools.school", "fields": {"emis_id": "", "name": "Kawalase Pri Sch", "location": 68}}, {"pk": 189, "model": "schools.school", "fields": {"emis_id": "", "name": "Kekorisigol Pri", "location": 68}}, {"pk": 190, "model": "schools.school", "fields": {"emis_id": "", "name": "Kerio Pri", "location": 68}}, {"pk": 191, "model": "schools.school", "fields": {"emis_id": "", "name": "Kibish Pri Sch", "location": 585}}, {"pk": 192, "model": "schools.school", "fields": {"emis_id": "", "name": "Kodopa Pri Sch", "location": 589}}, {"pk": 193, "model": "schools.school", "fields": {"emis_id": "", "name": "Kokuro Pri Sch", "location": 68}}, {"pk": 194, "model": "schools.school", "fields": {"emis_id": "", "name": "Koputiro Pri", "location": 68}}, {"pk": 195, "model": "schools.school", "fields": {"emis_id": "", "name": "Korinyang Mixed Pri", "location": 584}}, {"pk": 196, "model": "schools.school", "fields": {"emis_id": "", "name": "Kospir Pri", "location": 589}}, {"pk": 197, "model": "schools.school", "fields": {"emis_id": "", "name": "Kotela Pri", "location": 589}}, {"pk": 198, "model": "schools.school", "fields": {"emis_id": "", "name": "Koyasa Pri Sch", "location": 585}}, {"pk": 199, "model": "schools.school", "fields": {"emis_id": "", "name": "Letea Pri Sch", "location": 583}}, {"pk": 200, "model": "schools.school", "fields": {"emis_id": "", "name": "Loareng'ak Boys Pri Sch", "location": 587}}, {"pk": 201, "model": "schools.school", "fields": {"emis_id": "", "name": "Lobei Pri", "location": 589}}, {"pk": 202, "model": "schools.school", "fields": {"emis_id": "", "name": "Locheremoit Pri", "location": 68}}, {"pk": 203, "model": "schools.school", "fields": {"emis_id": "", "name": "Lochor Akeny Pri Sch", "location": 582}}, {"pk": 204, "model": "schools.school", "fields": {"emis_id": "", "name": "Lochor Ekuyen Pri", "location": 589}}, {"pk": 205, "model": "schools.school", "fields": {"emis_id": "", "name": "Lochuga Pri Sch", "location": 582}}, {"pk": 206, "model": "schools.school", "fields": {"emis_id": "", "name": "Lochwangamatak Pri", "location": 68}}, {"pk": 207, "model": "schools.school", "fields": {"emis_id": "", "name": "Lodwar Girls Pri Sch", "location": 68}}, {"pk": 208, "model": "schools.school", "fields": {"emis_id": "", "name": "Lodwar Mixed Pri Sch", "location": 68}}, {"pk": 209, "model": "schools.school", "fields": {"emis_id": "", "name": "Logogo Pri", "location": 589}}, {"pk": 210, "model": "schools.school", "fields": {"emis_id": "", "name": "Loitanit Pri Sch", "location": 68}}, {"pk": 211, "model": "schools.school", "fields": {"emis_id": "", "name": "Lokangae Pri Sch", "location": 583}}, {"pk": 212, "model": "schools.school", "fields": {"emis_id": "", "name": "Lokapel Pri Sch", "location": 584}}, {"pk": 213, "model": "schools.school", "fields": {"emis_id": "", "name": "Loki Light Academy", "location": 68}}, {"pk": 214, "model": "schools.school", "fields": {"emis_id": "", "name": "Lokichar Girls Pri", "location": 68}}, {"pk": 215, "model": "schools.school", "fields": {"emis_id": "", "name": "Lokichar Mixed Pri", "location": 68}}, {"pk": 216, "model": "schools.school", "fields": {"emis_id": "", "name": "Lokiriama Pri", "location": 68}}, {"pk": 217, "model": "schools.school", "fields": {"emis_id": "", "name": "Lokitaung Mixed Pri Sch", "location": 587}}, {"pk": 218, "model": "schools.school", "fields": {"emis_id": "", "name": "Lokori Pri", "location": 588}}, {"pk": 219, "model": "schools.school", "fields": {"emis_id": "", "name": "Lokorio Girls Pri", "location": 588}}, {"pk": 220, "model": "schools.school", "fields": {"emis_id": "", "name": "Lokoyo Pri Sch", "location": 589}}, {"pk": 221, "model": "schools.school", "fields": {"emis_id": "", "name": "Lokuii Pri", "location": 588}}, {"pk": 222, "model": "schools.school", "fields": {"emis_id": "", "name": "Lokwamosing Pri", "location": 588}}, {"pk": 223, "model": "schools.school", "fields": {"emis_id": "", "name": "Lolupe Pri Sch", "location": 68}}, {"pk": 224, "model": "schools.school", "fields": {"emis_id": "", "name": "Lomekwi Pri Sch", "location": 587}}, {"pk": 225, "model": "schools.school", "fields": {"emis_id": "", "name": "Lomoputh Pri Sch", "location": 68}}, {"pk": 226, "model": "schools.school", "fields": {"emis_id": "", "name": "Longech Pri Sch", "location": 582}}, {"pk": 227, "model": "schools.school", "fields": {"emis_id": "", "name": "Lopeduru Pri", "location": 588}}, {"pk": 228, "model": "schools.school", "fields": {"emis_id": "", "name": "Lopwarin Pri Sch", "location": 583}}, {"pk": 229, "model": "schools.school", "fields": {"emis_id": "", "name": "Loreng Pri Sch", "location": 583}}, {"pk": 230, "model": "schools.school", "fields": {"emis_id": "", "name": "Lorengelup Pri", "location": 68}}, {"pk": 231, "model": "schools.school", "fields": {"emis_id": "", "name": "Lorengippi Pri", "location": 68}}, {"pk": 232, "model": "schools.school", "fields": {"emis_id": "", "name": "Lorengo Pri Sch", "location": 583}}, {"pk": 233, "model": "schools.school", "fields": {"emis_id": "", "name": "Lorogon Pri", "location": 68}}, {"pk": 234, "model": "schools.school", "fields": {"emis_id": "", "name": "Lorugum Pri", "location": 589}}, {"pk": 235, "model": "schools.school", "fields": {"emis_id": "", "name": "Loruth Pri Sch", "location": 68}}, {"pk": 236, "model": "schools.school", "fields": {"emis_id": "", "name": "Losajait Pri Sch", "location": 589}}, {"pk": 237, "model": "schools.school", "fields": {"emis_id": "", "name": "Lotubae Pri", "location": 588}}, {"pk": 238, "model": "schools.school", "fields": {"emis_id": "", "name": "Loturerei Pri Sch", "location": 68}}, {"pk": 239, "model": "schools.school", "fields": {"emis_id": "", "name": "Louwae Pri", "location": 68}}, {"pk": 240, "model": "schools.school", "fields": {"emis_id": "", "name": "Lowareng'ak Girls Pri Sch", "location": 587}}, {"pk": 241, "model": "schools.school", "fields": {"emis_id": "", "name": "Loya Pri", "location": 68}}, {"pk": 242, "model": "schools.school", "fields": {"emis_id": "", "name": "Loyapat Mixed Day And Boarding", "location": 68}}, {"pk": 243, "model": "schools.school", "fields": {"emis_id": "", "name": "Loyo Pri Sch", "location": 68}}, {"pk": 244, "model": "schools.school", "fields": {"emis_id": "", "name": "Loyo Unit Of Death Pri Sch", "location": 68}}, {"pk": 245, "model": "schools.school", "fields": {"emis_id": "", "name": "Loyoro Pri Sch", "location": 582}}, {"pk": 246, "model": "schools.school", "fields": {"emis_id": "", "name": "Luma 2000 Academy Pri", "location": 583}}, {"pk": 247, "model": "schools.school", "fields": {"emis_id": "", "name": "Lumerimudang Pri", "location": 68}}, {"pk": 248, "model": "schools.school", "fields": {"emis_id": "", "name": "Makutano Pri Sch", "location": 589}}, {"pk": 249, "model": "schools.school", "fields": {"emis_id": "", "name": "Malakal Pri Sch", "location": 583}}, {"pk": 250, "model": "schools.school", "fields": {"emis_id": "", "name": "Mogadishu Pri Sch", "location": 583}}, {"pk": 251, "model": "schools.school", "fields": {"emis_id": "", "name": "Moruese Pri Sch", "location": 589}}, {"pk": 252, "model": "schools.school", "fields": {"emis_id": "", "name": "Morulem Pri", "location": 588}}, {"pk": 253, "model": "schools.school", "fields": {"emis_id": "", "name": "Nabeiye Pri", "location": 584}}, {"pk": 254, "model": "schools.school", "fields": {"emis_id": "", "name": "Nabuin Pri Sch", "location": 589}}, {"pk": 255, "model": "schools.school", "fields": {"emis_id": "", "name": "Nabulon Girls Pri Sch", "location": 68}}, {"pk": 256, "model": "schools.school", "fields": {"emis_id": "", "name": "Nachukui Pri Sch", "location": 587}}, {"pk": 257, "model": "schools.school", "fields": {"emis_id": "", "name": "Nadapal Mixed Pri Sch", "location": 589}}, {"pk": 258, "model": "schools.school", "fields": {"emis_id": "", "name": "Nadoto Pri", "location": 68}}, {"pk": 259, "model": "schools.school", "fields": {"emis_id": "", "name": "Nagis Pri Sch", "location": 589}}, {"pk": 260, "model": "schools.school", "fields": {"emis_id": "", "name": "Naipa Pri Sch", "location": 582}}, {"pk": 261, "model": "schools.school", "fields": {"emis_id": "", "name": "Naipeikar Pri Sch", "location": 589}}, {"pk": 262, "model": "schools.school", "fields": {"emis_id": "", "name": "Nakaalei Pri", "location": 68}}, {"pk": 263, "model": "schools.school", "fields": {"emis_id": "", "name": "Nakabosan Pri", "location": 584}}, {"pk": 264, "model": "schools.school", "fields": {"emis_id": "", "name": "Nakalale Pri Sch", "location": 583}}, {"pk": 265, "model": "schools.school", "fields": {"emis_id": "", "name": "Nakapelewoi Pri Sch", "location": 68}}, {"pk": 266, "model": "schools.school", "fields": {"emis_id": "", "name": "Nakiria Pri Sch", "location": 582}}, {"pk": 267, "model": "schools.school", "fields": {"emis_id": "", "name": "Nakitoekonom Pri Sch", "location": 587}}, {"pk": 268, "model": "schools.school", "fields": {"emis_id": "", "name": "Nakoret Pri", "location": 68}}, {"pk": 269, "model": "schools.school", "fields": {"emis_id": "", "name": "Nakukulas Pri", "location": 588}}, {"pk": 270, "model": "schools.school", "fields": {"emis_id": "", "name": "Nakurio Pri", "location": 68}}, {"pk": 271, "model": "schools.school", "fields": {"emis_id": "", "name": "Nakwamekwi Mixed Pri Sch", "location": 68}}, {"pk": 272, "model": "schools.school", "fields": {"emis_id": "", "name": "Nakwamoru Pri", "location": 68}}, {"pk": 273, "model": "schools.school", "fields": {"emis_id": "", "name": "Nakwaperit Pri", "location": 68}}, {"pk": 274, "model": "schools.school", "fields": {"emis_id": "", "name": "Nalemsekon Pri", "location": 68}}, {"pk": 275, "model": "schools.school", "fields": {"emis_id": "", "name": "Namorotot Pri Sch", "location": 587}}, {"pk": 276, "model": "schools.school", "fields": {"emis_id": "", "name": "Namoruputh Pri", "location": 68}}, {"pk": 277, "model": "schools.school", "fields": {"emis_id": "", "name": "Namukuse Pri Sch", "location": 582}}, {"pk": 278, "model": "schools.school", "fields": {"emis_id": "", "name": "Nanam Mixed Pri Sch", "location": 68}}, {"pk": 279, "model": "schools.school", "fields": {"emis_id": "", "name": "Nanyangakippi Pri", "location": 68}}, {"pk": 280, "model": "schools.school", "fields": {"emis_id": "", "name": "Naoros Pri Sch", "location": 582}}, {"pk": 281, "model": "schools.school", "fields": {"emis_id": "", "name": "Naotin Pri Sch", "location": 68}}, {"pk": 282, "model": "schools.school", "fields": {"emis_id": "", "name": "Napetet Pri Sch", "location": 587}}, {"pk": 283, "model": "schools.school", "fields": {"emis_id": "", "name": "Napusimoru Pri", "location": 68}}, {"pk": 284, "model": "schools.school", "fields": {"emis_id": "", "name": "Naremit Pri", "location": 589}}, {"pk": 285, "model": "schools.school", "fields": {"emis_id": "", "name": "Narengewoi Pri Sch", "location": 587}}, {"pk": 286, "model": "schools.school", "fields": {"emis_id": "", "name": "Nariokotome Pri Sch", "location": 587}}, {"pk": 287, "model": "schools.school", "fields": {"emis_id": "", "name": "Nataagilae Pri Sch", "location": 582}}, {"pk": 288, "model": "schools.school", "fields": {"emis_id": "", "name": "Nataparkakono Pri Sch", "location": 68}}, {"pk": 289, "model": "schools.school", "fields": {"emis_id": "", "name": "Natole Pri Sch", "location": 582}}, {"pk": 290, "model": "schools.school", "fields": {"emis_id": "", "name": "Natoo Pri Sch", "location": 587}}, {"pk": 291, "model": "schools.school", "fields": {"emis_id": "", "name": "Natukobenyo Girls Pri Sch", "location": 587}}, {"pk": 292, "model": "schools.school", "fields": {"emis_id": "", "name": "Nawoyakegae Pri", "location": 68}}, {"pk": 293, "model": "schools.school", "fields": {"emis_id": "", "name": "Ngakoriyek Academy Pri", "location": 68}}, {"pk": 294, "model": "schools.school", "fields": {"emis_id": "", "name": "Ngudeng' Pri Sch", "location": 583}}, {"pk": 295, "model": "schools.school", "fields": {"emis_id": "", "name": "Oropoi Pri Sch", "location": 68}}, {"pk": 296, "model": "schools.school", "fields": {"emis_id": "", "name": "Palotaka Pri Sch", "location": 583}}, {"pk": 297, "model": "schools.school", "fields": {"emis_id": "", "name": "Pcea Non Formal Ed Center", "location": 68}}, {"pk": 298, "model": "schools.school", "fields": {"emis_id": "", "name": "Pokotom Pri Sch", "location": 583}}, {"pk": 299, "model": "schools.school", "fields": {"emis_id": "", "name": "Raja Pri Sch", "location": 583}}, {"pk": 300, "model": "schools.school", "fields": {"emis_id": "", "name": "Rajaf Pri Sch", "location": 583}}, {"pk": 301, "model": "schools.school", "fields": {"emis_id": "", "name": "Riokomor Pri Sch", "location": 587}}, {"pk": 302, "model": "schools.school", "fields": {"emis_id": "", "name": "Riverside Adventist Sch Pri", "location": 68}}, {"pk": 303, "model": "schools.school", "fields": {"emis_id": "", "name": "Shambe Pri Sch", "location": 583}}, {"pk": 304, "model": "schools.school", "fields": {"emis_id": "", "name": "Sobat Pri Sch", "location": 583}}, {"pk": 305, "model": "schools.school", "fields": {"emis_id": "", "name": "St Boniface Nasiger Pri Sch", "location": 589}}, {"pk": 306, "model": "schools.school", "fields": {"emis_id": "", "name": "St Francis Nakamane Pri Sch", "location": 589}}, {"pk": 307, "model": "schools.school", "fields": {"emis_id": "", "name": "St Johns Lokichoggio Pri Sch", "location": 68}}, {"pk": 308, "model": "schools.school", "fields": {"emis_id": "", "name": "St Lukes Nakururum Pri Sch", "location": 68}}, {"pk": 309, "model": "schools.school", "fields": {"emis_id": "", "name": "St Marks Songot Pri Sch", "location": 68}}, {"pk": 310, "model": "schools.school", "fields": {"emis_id": "", "name": "St Marys Pri Sch", "location": 68}}, {"pk": 311, "model": "schools.school", "fields": {"emis_id": "", "name": "St Mathews Nadome Pri Sch", "location": 68}}, {"pk": 312, "model": "schools.school", "fields": {"emis_id": "", "name": "St Teresa Kimabur Pri", "location": 68}}, {"pk": 313, "model": "schools.school", "fields": {"emis_id": "", "name": "Turkana Girls Pri Sch", "location": 589}}, {"pk": 314, "model": "schools.school", "fields": {"emis_id": "", "name": "Turkana Intergrated Pri", "location": 584}}, {"pk": 315, "model": "schools.school", "fields": {"emis_id": "", "name": "Unity Pri Sch", "location": 583}}, {"pk": 1, "model": "healthfacility.healthfacilitytype", "fields": {"name": "IV", "slug": "4"}}, {"pk": 2, "model": "healthfacility.healthfacilitytype", "fields": {"name": "III", "slug": "3"}}, {"pk": 3, "model": "healthfacility.healthfacilitytype", "fields": {"name": "II", "slug": "2"}}, {"pk": 4, "model": "healthfacility.healthfacilitytype", "fields": {"name": "I", "slug": "1"}}, {"pk": 1, "model": "healthfacility.healthfacility", "fields": {"catchment_areas": [585], "code": "genkd4xqmpeec", "name": "Aic Kibish Disp", "report_to_type": null, "location": null, "report_to_id": null, "type": 1}}, {"pk": 2, "model": "healthfacility.healthfacility", "fields": {"catchment_areas": [585], "code": "gen_nqj_q7ay1", "name": "Ap Kibishi Disp", "report_to_type": null, "location": null, "report_to_id": null, "type": 1}}, {"pk": 3, "model": "healthfacility.healthfacility", "fields": {"catchment_areas": [588], "code": "gen0jl5nnmvea", "name": "Elelea Disp", "report_to_type": null, "location": null, "report_to_id": null, "type": 1}}, {"pk": 4, "model": "healthfacility.healthfacility", "fields": {"catchment_areas": [582], "code": "gen7ovrtp5cwc", "name": "Eliye Disp", "report_to_type": null, "location": null, "report_to_id": null, "type": 1}}, {"pk": 5, "model": "healthfacility.healthfacility", "fields": {"catchment_areas": [582], "code": "gentg0jvfqqj0", "name": "Eliye Springs Disp", "report_to_type": null, "location": null, "report_to_id": null, "type": 1}}, {"pk": 6, "model": "healthfacility.healthfacility", "fields": {"catchment_areas": [68], "code": "gen91bnz1m8rp", "name": "Icrc Lokichoggio Hospital", "report_to_type": null, "location": null, "report_to_id": null, "type": 4}}, {"pk": 7, "model": "healthfacility.healthfacility", "fields": {"catchment_areas": [582], "code": "gen6_mb9vkzt7", "name": "Ille Spring Disp", "report_to_type": null, "location": null, "report_to_id": null, "type": 1}}, {"pk": 8, "model": "healthfacility.healthfacility", "fields": {"catchment_areas": [584], "code": "gent0cy99muu7", "name": "Jaluk Disp", "report_to_type": null, "location": null, "report_to_id": null, "type": 1}}, {"pk": 9, "model": "healthfacility.healthfacility", "fields": {"catchment_areas": [500], "code": "genat_1p574ph", "name": "Juluk Disp", "report_to_type": null, "location": null, "report_to_id": null, "type": 1}}, {"pk": 10, "model": "healthfacility.healthfacility", "fields": {"catchment_areas": [68], "code": "gen6tk2gg6drh", "name": "Kaaleng Disp", "report_to_type": null, "location": null, "report_to_id": null, "type": 1}}, {"pk": 11, "model": "healthfacility.healthfacility", "fields": {"catchment_areas": [589], "code": "gen4y3hscqm0c", "name": "Kablo Kori Disp", "report_to_type": null, "location": null, "report_to_id": null, "type": 1}}, {"pk": 12, "model": "healthfacility.healthfacility", "fields": {"catchment_areas": [587], "code": "gen94fhp62ota", "name": "Kachoda Disp", "report_to_type": null, "location": null, "report_to_id": null, "type": 1}}, {"pk": 13, "model": "healthfacility.healthfacility", "fields": {"catchment_areas": [68], "code": "genyn1naf4j8o", "name": "Kaeris Disp", "report_to_type": null, "location": null, "report_to_id": null, "type": 1}}, {"pk": 14, "model": "healthfacility.healthfacility", "fields": {"catchment_areas": [68], "code": "gen3lgwzy4o6h", "name": "Kaikor Disp", "report_to_type": null, "location": null, "report_to_id": null, "type": 1}}, {"pk": 15, "model": "healthfacility.healthfacility", "fields": {"catchment_areas": [68], "code": "gen3kxat91yrk", "name": "Kainuk Disp", "report_to_type": null, "location": null, "report_to_id": null, "type": 1}}, {"pk": 16, "model": "healthfacility.healthfacility", "fields": {"catchment_areas": [583], "code": "gen5hglhtsxyu", "name": "Kakuma Hospital", "report_to_type": null, "location": null, "report_to_id": null, "type": 4}}, {"pk": 17, "model": "healthfacility.healthfacility", "fields": {"catchment_areas": [589], "code": "genna3rxmoapa", "name": "Kalemunyang Disp", "report_to_type": null, "location": null, "report_to_id": null, "type": 1}}, {"pk": 18, "model": "healthfacility.healthfacility", "fields": {"catchment_areas": [582], "code": "genmge7mjegd6", "name": "Kalimapus Cath Health Centre", "report_to_type": null, "location": null, "report_to_id": null, "type": 2}}, {"pk": 19, "model": "healthfacility.healthfacility", "fields": {"catchment_areas": [68], "code": "genr27zep60ea", "name": "Kalobeyei Disp", "report_to_type": null, "location": null, "report_to_id": null, "type": 1}}, {"pk": 20, "model": "healthfacility.healthfacility", "fields": {"catchment_areas": [582], "code": "gencl0ua56896", "name": "Kalokol Health Centre", "report_to_type": null, "location": null, "report_to_id": null, "type": 2}}, {"pk": 21, "model": "healthfacility.healthfacility", "fields": {"catchment_areas": [587], "code": "gen4fs_v6e7bn", "name": "Kanakurudio Disp", "report_to_type": null, "location": null, "report_to_id": null, "type": 1}}, {"pk": 22, "model": "healthfacility.healthfacility", "fields": {"catchment_areas": [68], "code": "gen2cmeejo7tm", "name": "Kangagetei Disp", "report_to_type": null, "location": null, "report_to_id": null, "type": 1}}, {"pk": 23, "model": "healthfacility.healthfacility", "fields": {"catchment_areas": [68], "code": "gens7oe8ak6y6", "name": "Kangarissae Disp", "report_to_type": null, "location": null, "report_to_id": null, "type": 1}}, {"pk": 24, "model": "healthfacility.healthfacility", "fields": {"catchment_areas": [582], "code": "genrq_7v0ab75", "name": "Kangatossa Disp", "report_to_type": null, "location": null, "report_to_id": null, "type": 1}}, {"pk": 25, "model": "healthfacility.healthfacility", "fields": {"catchment_areas": [68], "code": "genz5g1mnrgpf", "name": "Kapedo Health Centre", "report_to_type": null, "location": null, "report_to_id": null, "type": 2}}, {"pk": 26, "model": "healthfacility.healthfacility", "fields": {"catchment_areas": [500], "code": "gen4xpf5_6e99", "name": "Kapelibok Dsipensary", "report_to_type": null, "location": null, "report_to_id": null, "type": 1}}, {"pk": 27, "model": "healthfacility.healthfacility", "fields": {"catchment_areas": [582], "code": "genfp2fpu17ex", "name": "Kapua Sub-health Centre", "report_to_type": null, "location": null, "report_to_id": null, "type": 2}}, {"pk": 28, "model": "healthfacility.healthfacility", "fields": {"catchment_areas": [584], "code": "gen572dd9xg5k", "name": "Kaputir Health Centre", "report_to_type": null, "location": null, "report_to_id": null, "type": 2}}, {"pk": 29, "model": "healthfacility.healthfacility", "fields": {"catchment_areas": [68], "code": "genytrt59ra21", "name": "Kaputir Mssion Disp", "report_to_type": null, "location": null, "report_to_id": null, "type": 1}}, {"pk": 30, "model": "healthfacility.healthfacility", "fields": {"catchment_areas": [587], "code": "gengz1ky23vpt", "name": "Kataboi Disp", "report_to_type": null, "location": null, "report_to_id": null, "type": 1}}, {"pk": 31, "model": "healthfacility.healthfacility", "fields": {"catchment_areas": [589], "code": "genl_9ec7h96a", "name": "Kataruk Disp", "report_to_type": null, "location": null, "report_to_id": null, "type": 1}}, {"pk": 32, "model": "healthfacility.healthfacility", "fields": {"catchment_areas": [68], "code": "genpm_0k1q2kw", "name": "Katilu Health Centre", "report_to_type": null, "location": null, "report_to_id": null, "type": 2}}, {"pk": 33, "model": "healthfacility.healthfacility", "fields": {"catchment_areas": [587], "code": "gen3s2w5tn2_w", "name": "Kengolkerion Disp", "report_to_type": null, "location": null, "report_to_id": null, "type": 1}}, {"pk": 34, "model": "healthfacility.healthfacility", "fields": {"catchment_areas": [582], "code": "gen27ezdvf9u7", "name": "Kerio Disp", "report_to_type": null, "location": null, "report_to_id": null, "type": 1}}, {"pk": 35, "model": "healthfacility.healthfacility", "fields": {"catchment_areas": [585], "code": "genxph3hp2b8s", "name": "Kibish Disp", "report_to_type": null, "location": null, "report_to_id": null, "type": 1}}, {"pk": 36, "model": "healthfacility.healthfacility", "fields": {"catchment_areas": [589], "code": "genf0ts5zo_p5", "name": "Kotaruk Sub-health Centre", "report_to_type": null, "location": null, "report_to_id": null, "type": 2}}, {"pk": 37, "model": "healthfacility.healthfacility", "fields": {"catchment_areas": [585], "code": "gencu_0ffn16b", "name": "Koyasa Disp", "report_to_type": null, "location": null, "report_to_id": null, "type": 1}}, {"pk": 38, "model": "healthfacility.healthfacility", "fields": {"catchment_areas": [68], "code": "gencrqrpo34h5", "name": "Letea Catholic Disp", "report_to_type": null, "location": null, "report_to_id": null, "type": 1}}, {"pk": 39, "model": "healthfacility.healthfacility", "fields": {"catchment_areas": [68], "code": "genz7mdkcy57b", "name": "Lochwa Disp", "report_to_type": null, "location": null, "report_to_id": null, "type": 1}}, {"pk": 40, "model": "healthfacility.healthfacility", "fields": {"catchment_areas": [68], "code": "genwd75x1w0x1", "name": "Lochwaangamatak Disp", "report_to_type": null, "location": null, "report_to_id": null, "type": 1}}, {"pk": 41, "model": "healthfacility.healthfacility", "fields": {"catchment_areas": [500], "code": "gencgzk6p5vm8", "name": "Lodwar District Hospital", "report_to_type": null, "location": null, "report_to_id": null, "type": 4}}, {"pk": 42, "model": "healthfacility.healthfacility", "fields": {"catchment_areas": [583], "code": "genproqg_h50p", "name": "Lokangae Disp", "report_to_type": null, "location": null, "report_to_id": null, "type": 1}}, {"pk": 43, "model": "healthfacility.healthfacility", "fields": {"catchment_areas": [68], "code": "gen2orprn_obm", "name": "Lokiama Disp", "report_to_type": null, "location": null, "report_to_id": null, "type": 1}}, {"pk": 44, "model": "healthfacility.healthfacility", "fields": {"catchment_areas": [68], "code": "gen9dps8x2009", "name": "Lokichar Health Centre", "report_to_type": null, "location": null, "report_to_id": null, "type": 2}}, {"pk": 45, "model": "healthfacility.healthfacility", "fields": {"catchment_areas": [68], "code": "genheb_hynupq", "name": "Lokichogio Disp", "report_to_type": null, "location": null, "report_to_id": null, "type": 1}}, {"pk": 46, "model": "healthfacility.healthfacility", "fields": {"catchment_areas": [68], "code": "genek2tg37ff1", "name": "Lokichogio District Hospital", "report_to_type": null, "location": null, "report_to_id": null, "type": 4}}, {"pk": 47, "model": "healthfacility.healthfacility", "fields": {"catchment_areas": [68], "code": "gen4gjxpezgko", "name": "Lokichogio Health Centre", "report_to_type": null, "location": null, "report_to_id": null, "type": 2}}, {"pk": 48, "model": "healthfacility.healthfacility", "fields": {"catchment_areas": [68], "code": "genandttjuyw0", "name": "Lokiriam Disp", "report_to_type": null, "location": null, "report_to_id": null, "type": 1}}, {"pk": 49, "model": "healthfacility.healthfacility", "fields": {"catchment_areas": [587], "code": "genm7_6vk1sa7", "name": "Lokitaung Sub-district Hosp.", "report_to_type": null, "location": null, "report_to_id": null, "type": 4}}, {"pk": 50, "model": "healthfacility.healthfacility", "fields": {"catchment_areas": [583], "code": "genuqdk4zrm08", "name": "Lokore Disp", "report_to_type": null, "location": null, "report_to_id": null, "type": 1}}, {"pk": 51, "model": "healthfacility.healthfacility", "fields": {"catchment_areas": [588], "code": "genltvv700l1f", "name": "Lokori Health Centre", "report_to_type": null, "location": null, "report_to_id": null, "type": 2}}, {"pk": 52, "model": "healthfacility.healthfacility", "fields": {"catchment_areas": [583], "code": "gen486kft_u3k", "name": "Lokudule Disp", "report_to_type": null, "location": null, "report_to_id": null, "type": 1}}, {"pk": 53, "model": "healthfacility.healthfacility", "fields": {"catchment_areas": [583], "code": "genuoddmfsvo2", "name": "Lokudulee Disp", "report_to_type": null, "location": null, "report_to_id": null, "type": 1}}, {"pk": 54, "model": "healthfacility.healthfacility", "fields": {"catchment_areas": [588], "code": "genglc8yk6v7c", "name": "Lokwii Disp", "report_to_type": null, "location": null, "report_to_id": null, "type": 1}}, {"pk": 55, "model": "healthfacility.healthfacility", "fields": {"catchment_areas": [68], "code": "gen_7vh9ezr1a", "name": "Lomelo Disp", "report_to_type": null, "location": null, "report_to_id": null, "type": 1}}, {"pk": 56, "model": "healthfacility.healthfacility", "fields": {"catchment_areas": [68], "code": "genjw4sdwzedq", "name": "Lomelo Sub-health Centre", "report_to_type": null, "location": null, "report_to_id": null, "type": 2}}, {"pk": 57, "model": "healthfacility.healthfacility", "fields": {"catchment_areas": [68], "code": "gen3kl9n8f2m_", "name": "Loppiding Disp", "report_to_type": null, "location": null, "report_to_id": null, "type": 1}}, {"pk": 58, "model": "healthfacility.healthfacility", "fields": {"catchment_areas": [583], "code": "genb14x_esgfk", "name": "Lopur Disp", "report_to_type": null, "location": null, "report_to_id": null, "type": 1}}, {"pk": 59, "model": "healthfacility.healthfacility", "fields": {"catchment_areas": [583], "code": "genxj5a7mw35s", "name": "Lopur Disp", "report_to_type": null, "location": null, "report_to_id": null, "type": 1}}, {"pk": 60, "model": "healthfacility.healthfacility", "fields": {"catchment_areas": [68], "code": "genwx_ww17199", "name": "Loreng Disp", "report_to_type": null, "location": null, "report_to_id": null, "type": 1}}, {"pk": 61, "model": "healthfacility.healthfacility", "fields": {"catchment_areas": [68], "code": "genpaehc_oz2w", "name": "Lorengippi Disp", "report_to_type": null, "location": null, "report_to_id": null, "type": 1}}, {"pk": 62, "model": "healthfacility.healthfacility", "fields": {"catchment_areas": [68], "code": "genc8of4grxrs", "name": "Lorogon Disp", "report_to_type": null, "location": null, "report_to_id": null, "type": 1}}, {"pk": 63, "model": "healthfacility.healthfacility", "fields": {"catchment_areas": [589], "code": "gen0tc65q9ro2", "name": "Lorugum Mission Health Centre", "report_to_type": null, "location": null, "report_to_id": null, "type": 2}}, {"pk": 64, "model": "healthfacility.healthfacility", "fields": {"catchment_areas": [587], "code": "genwj_t4s3ugp", "name": "Lowarengak Disp", "report_to_type": null, "location": null, "report_to_id": null, "type": 1}}, {"pk": 65, "model": "healthfacility.healthfacility", "fields": {"catchment_areas": [68], "code": "gendhyd1_s9mt", "name": "Loyapat Disp", "report_to_type": null, "location": null, "report_to_id": null, "type": 1}}, {"pk": 66, "model": "healthfacility.healthfacility", "fields": {"catchment_areas": [583], "code": "gentkk3g8kve6", "name": "Lukangai Disp", "report_to_type": null, "location": null, "report_to_id": null, "type": 1}}, {"pk": 67, "model": "healthfacility.healthfacility", "fields": {"catchment_areas": [582], "code": "genoxn6q7js56", "name": "Machekwi Dispesary", "report_to_type": null, "location": null, "report_to_id": null, "type": 1}}, {"pk": 68, "model": "healthfacility.healthfacility", "fields": {"catchment_areas": [68], "code": "genrnc2lo35c2", "name": "Makutano Disp", "report_to_type": null, "location": null, "report_to_id": null, "type": 1}}, {"pk": 69, "model": "healthfacility.healthfacility", "fields": {"catchment_areas": [583], "code": "genj9f9f8rxuv", "name": "Nadapal Disp", "report_to_type": null, "location": null, "report_to_id": null, "type": 1}}, {"pk": 70, "model": "healthfacility.healthfacility", "fields": {"catchment_areas": [68], "code": "gen1nsct927b8", "name": "Nakalei Disp", "report_to_type": null, "location": null, "report_to_id": null, "type": 1}}, {"pk": 71, "model": "healthfacility.healthfacility", "fields": {"catchment_areas": [68], "code": "genywule0e5fy", "name": "Nakurio Disp", "report_to_type": null, "location": null, "report_to_id": null, "type": 1}}, {"pk": 72, "model": "healthfacility.healthfacility", "fields": {"catchment_areas": [68], "code": "genuzpyxk6c9w", "name": "Nakwamoru Health Centre", "report_to_type": null, "location": null, "report_to_id": null, "type": 2}}, {"pk": 73, "model": "healthfacility.healthfacility", "fields": {"catchment_areas": [582], "code": "gen0q_4_ybvjc", "name": "Namakuse Disp", "report_to_type": null, "location": null, "report_to_id": null, "type": 1}}, {"pk": 74, "model": "healthfacility.healthfacility", "fields": {"catchment_areas": [589], "code": "genxv6glfp6pz", "name": "Namoruputh Disp", "report_to_type": null, "location": null, "report_to_id": null, "type": 1}}, {"pk": 75, "model": "healthfacility.healthfacility", "fields": {"catchment_areas": [68], "code": "gendm2k67dwbf", "name": "Nanam Disp", "report_to_type": null, "location": null, "report_to_id": null, "type": 1}}, {"pk": 76, "model": "healthfacility.healthfacility", "fields": {"catchment_areas": [68], "code": "geno703wseumg", "name": "Napusmoru Disp", "report_to_type": null, "location": null, "report_to_id": null, "type": 1}}, {"pk": 77, "model": "healthfacility.healthfacility", "fields": {"catchment_areas": [68], "code": "genuh9smv_qok", "name": "Natira Disp", "report_to_type": null, "location": null, "report_to_id": null, "type": 1}}, {"pk": 78, "model": "healthfacility.healthfacility", "fields": {"catchment_areas": [68], "code": "genjgpuflha3b", "name": "Oropoi Disp", "report_to_type": null, "location": null, "report_to_id": null, "type": 1}}, {"pk": 79, "model": "healthfacility.healthfacility", "fields": {"catchment_areas": [68], "code": "gen0aub6kzsvg", "name": "Songot Disp", "report_to_type": null, "location": null, "report_to_id": null, "type": 1}}, {"pk": 80, "model": "healthfacility.healthfacility", "fields": {"catchment_areas": [68], "code": "gen4rh4ean0cl", "name": "Todonyang Disp", "report_to_type": null, "location": null, "report_to_id": null, "type": 1}}, {"pk": 81, "model": "healthfacility.healthfacility", "fields": {"catchment_areas": [589], "code": "gensgapa4sh2w", "name": "Turkwel Disp", "report_to_type": null, "location": null, "report_to_id": null, "type": 1}}]
